<?xml version="1.0" encoding="UTF-8"?>
<project-private xmlns="http://www.netbeans.org/ns/project-private/1">
    <editor-bookmarks xmlns="http://www.netbeans.org/ns/editor-bookmarks/2" lastBookmarkId="1">
        <file>
            <url>src/GameView.java</url>
            <bookmark id="1">
                <name/>
                <line>32</line>
                <key/>
            </bookmark>
        </file>
    </editor-bookmarks>
    <open-files xmlns="http://www.netbeans.org/ns/projectui-open-files/2">
        <group>
            <file>file:/C:/Users/31680/Documents/JAVA/GameJavaFX/src/SmallLabel.java</file>
            <file>file:/C:/Users/31680/Documents/JAVA/GameJavaFX/src/Player.java</file>
            <file>file:/C:/Users/31680/Documents/JAVA/GameJavaFX/src/GameView.java</file>
            <file>file:/C:/Users/31680/Documents/JAVA/GameJavaFX/src/VirusGameSubScene.java</file>
            <file>file:/C:/Users/31680/Documents/JAVA/GameJavaFX/src/PlayerPicker.java</file>
            <file>file:/C:/Users/31680/Documents/JAVA/GameJavaFX/src/Game.java</file>
            <file>file:/C:/Users/31680/Documents/JAVA/GameJavaFX/src/GameMain.java</file>
        </group>
    </open-files>
</project-private>
